{
  "2604.21481": 1,
  "2604.21523": 1,
  "2604.23941": 1,
  "2604.24005": 5,
  "2604.24441": 1,
  "2604.24625": 22,
  "2604.24819": 33,
  "2604.24842": 6,
  "2604.25164": 1,
  "2604.25203": 5,
  "2604.25256": 22,
  "2604.25427": 1,
  "2604.25636": 22,
  "2604.25719": 9,
  "2604.25727": 5,
  "2604.25806": 3,
  "2604.25819": 13,
  "2604.25914": 35,
  "2604.25917": 56
}