{
  "2604.21003": 1,
  "2604.21481": 2,
  "2604.21523": 1,
  "2604.23380": 2,
  "2604.23941": 3,
  "2604.24005": 6,
  "2604.24441": 1,
  "2604.24625": 24,
  "2604.24819": 78,
  "2604.24842": 14,
  "2604.25032": 0,
  "2604.25164": 1,
  "2604.25203": 6,
  "2604.25256": 26,
  "2604.25427": 1,
  "2604.25636": 22,
  "2604.25719": 12,
  "2604.25727": 7,
  "2604.25806": 4,
  "2604.25819": 15,
  "2604.25914": 37,
  "2604.25917": 200
}