{
  "2508.10180": 12,
  "2604.16391": 1,
  "2604.17565": 7,
  "2604.19548": 13,
  "2604.21106": 5,
  "2604.21480": 12,
  "2604.22446": 95,
  "2604.22782": 1,
  "2604.22841": 2,
  "2604.22842": 1,
  "2604.22875": 17,
  "2604.22880": 6,
  "2604.23099": 1,
  "2604.23210": 1,
  "2604.23604": 2,
  "2604.23644": 1,
  "2604.23772": 3,
  "2604.23775": 41,
  "2604.23781": 24,
  "2604.24003": 4,
  "2604.24170": 0,
  "2604.24198": 15,
  "2604.24300": 53,
  "2604.24479": 0,
  "2604.24583": 1,
  "2604.24597": 0,
  "2604.24762": 7,
  "2604.24763": 38,
  "2604.24764": 94
}