{
  "2405.13729": 6,
  "2604.25154": 0,
  "2604.27660": 117,
  "2604.28075": 12,
  "2605.00529": 2,
  "2605.00632": 1,
  "2605.00814": 11,
  "2605.00877": 8,
  "2605.00932": 1,
  "2605.01725": 1,
  "2605.02178": 2,
  "2605.02222": 1,
  "2605.02240": 3,
  "2605.02661": 7,
  "2605.02730": 1,
  "2605.02881": 116
}