{
  "2507.04227": 1,
  "2604.03088": 3,
  "2604.06159": 18,
  "2604.07429": 105,
  "2604.07882": 8,
  "2604.09409": 2,
  "2604.10866": 45,
  "2604.11045": 16,
  "2604.11548": 15,
  "2604.11626": 92,
  "2604.13151": 7,
  "2604.13201": 1,
  "2604.13418": 4,
  "2604.13822": 4,
  "2604.14004": 23,
  "2604.14048": 14,
  "2604.14084": 9,
  "2604.14113": 8,
  "2604.14116": 7,
  "2604.14141": 0,
  "2604.14142": 22,
  "2604.14144": 60,
  "2604.14147": 1,
  "2604.14148": 100
}