{
  "2507.04227": 1,
  "2604.06159": 15,
  "2604.07429": 42,
  "2604.07882": 7,
  "2604.09409": 2,
  "2604.10866": 44,
  "2604.11045": 13,
  "2604.11548": 12,
  "2604.11626": 65,
  "2604.13151": 6,
  "2604.13201": 0,
  "2604.13418": 3,
  "2604.13822": 4,
  "2604.14004": 22,
  "2604.14048": 11,
  "2604.14084": 9,
  "2604.14113": 6,
  "2604.14116": 6,
  "2604.14142": 19,
  "2604.14144": 55,
  "2604.14147": 1,
  "2604.14148": 87
}