{
  "2604.07429": 38,
  "2604.09409": 1,
  "2604.10866": 37,
  "2604.11045": 1,
  "2604.11626": 54,
  "2604.13151": 5,
  "2604.13201": 0,
  "2604.13418": 3,
  "2604.13822": 4,
  "2604.14004": 12,
  "2604.14048": 11,
  "2604.14084": 7,
  "2604.14113": 5,
  "2604.14116": 6,
  "2604.14142": 14,
  "2604.14144": 39,
  "2604.14147": 0,
  "2604.14148": 51
}