{
  "2507.04227": 1,
  "2604.03088": 3,
  "2604.06159": 19,
  "2604.07429": 104,
  "2604.07882": 8,
  "2604.09409": 2,
  "2604.10866": 45,
  "2604.11045": 17,
  "2604.11548": 15,
  "2604.11626": 93,
  "2604.13151": 18,
  "2604.13201": 1,
  "2604.13418": 5,
  "2604.13822": 4,
  "2604.14004": 23,
  "2604.14048": 14,
  "2604.14084": 10,
  "2604.14113": 8,
  "2604.14116": 8,
  "2604.14141": 1,
  "2604.14142": 23,
  "2604.14144": 60,
  "2604.14147": 1,
  "2604.14148": 106
}