{
  "2511.16428": 2,
  "2601.20524": 6,
  "2602.06057": 4,
  "2603.27070": 4,
  "2604.03841": 10,
  "2604.05333": 20,
  "2604.06231": 16,
  "2604.06377": 7,
  "2604.06628": 308,
  "2604.06938": 5,
  "2604.07296": 35,
  "2604.07338": 4,
  "2604.07394": 15,
  "2604.07427": 5,
  "2604.07429": 15,
  "2604.07430": 163,
  "2604.07776": 19,
  "2604.07823": 64,
  "2604.07966": 9,
  "2604.08064": 7,
  "2604.08120": 17,
  "2604.08124": 5,
  "2604.08168": 17,
  "2604.08172": 4,
  "2604.08209": 24,
  "2604.08224": 46,
  "2604.08302": 46,
  "2604.08340": 8,
  "2604.08362": 14,
  "2604.08364": 94,
  "2604.08377": 272,
  "2604.08455": 43,
  "2604.08476": 7,
  "2604.08503": 7,
  "2604.08516": 39,
  "2604.08523": 251,
  "2604.08526": 20,
  "2604.08536": 4,
  "2604.08539": 46,
  "2604.08544": 15,
  "2604.08545": 40,
  "2604.08546": 110
}