{
  "2511.16428": 1,
  "2601.20524": 2,
  "2602.06057": 3,
  "2603.27070": 3,
  "2604.03841": 3,
  "2604.05333": 18,
  "2604.06231": 12,
  "2604.06377": 3,
  "2604.06628": 228,
  "2604.06938": 3,
  "2604.07296": 30,
  "2604.07338": 3,
  "2604.07394": 12,
  "2604.07427": 1,
  "2604.07429": 9,
  "2604.07430": 147,
  "2604.07776": 17,
  "2604.07823": 46,
  "2604.07966": 6,
  "2604.08064": 3,
  "2604.08120": 13,
  "2604.08124": 2,
  "2604.08168": 12,
  "2604.08172": 3,
  "2604.08209": 19,
  "2604.08224": 36,
  "2604.08302": 41,
  "2604.08340": 3,
  "2604.08362": 9,
  "2604.08364": 87,
  "2604.08377": 220,
  "2604.08455": 38,
  "2604.08476": 4,
  "2604.08503": 3,
  "2604.08516": 33,
  "2604.08523": 156,
  "2604.08526": 18,
  "2604.08536": 3,
  "2604.08539": 39,
  "2604.08544": 11,
  "2604.08545": 33,
  "2604.08546": 108
}