{
  "2511.16428": 2,
  "2601.20524": 5,
  "2602.06057": 4,
  "2603.27070": 4,
  "2604.03841": 10,
  "2604.05333": 20,
  "2604.06231": 15,
  "2604.06377": 6,
  "2604.06628": 306,
  "2604.06938": 5,
  "2604.07296": 34,
  "2604.07338": 4,
  "2604.07394": 14,
  "2604.07427": 4,
  "2604.07429": 14,
  "2604.07430": 160,
  "2604.07776": 18,
  "2604.07823": 61,
  "2604.07966": 8,
  "2604.08064": 6,
  "2604.08120": 16,
  "2604.08124": 4,
  "2604.08168": 16,
  "2604.08172": 4,
  "2604.08209": 23,
  "2604.08224": 44,
  "2604.08302": 45,
  "2604.08340": 7,
  "2604.08362": 13,
  "2604.08364": 92,
  "2604.08377": 270,
  "2604.08455": 42,
  "2604.08476": 6,
  "2604.08503": 6,
  "2604.08516": 38,
  "2604.08523": 249,
  "2604.08526": 20,
  "2604.08536": 3,
  "2604.08539": 45,
  "2604.08544": 14,
  "2604.08545": 39,
  "2604.08546": 109
}