{
  "2511.16428": 2,
  "2601.20524": 4,
  "2602.06057": 4,
  "2603.27070": 4,
  "2604.03841": 9,
  "2604.05333": 19,
  "2604.06231": 12,
  "2604.06377": 6,
  "2604.06628": 304,
  "2604.06938": 4,
  "2604.07296": 34,
  "2604.07338": 4,
  "2604.07394": 14,
  "2604.07427": 4,
  "2604.07429": 12,
  "2604.07430": 159,
  "2604.07776": 18,
  "2604.07823": 59,
  "2604.07966": 7,
  "2604.08064": 5,
  "2604.08120": 15,
  "2604.08124": 4,
  "2604.08168": 15,
  "2604.08172": 3,
  "2604.08209": 23,
  "2604.08224": 44,
  "2604.08302": 45,
  "2604.08340": 5,
  "2604.08362": 12,
  "2604.08364": 92,
  "2604.08377": 267,
  "2604.08455": 41,
  "2604.08476": 6,
  "2604.08503": 5,
  "2604.08516": 37,
  "2604.08523": 247,
  "2604.08526": 19,
  "2604.08536": 3,
  "2604.08539": 44,
  "2604.08544": 14,
  "2604.08545": 39,
  "2604.08546": 109
}