{
  "2604.02340": 6,
  "2604.04385": 0,
  "2604.05336": 11,
  "2604.06710": 0,
  "2604.08121": 39,
  "2604.08570": 109,
  "2604.08706": 9,
  "2604.08921": 2,
  "2604.09132": 44,
  "2604.09212": 1,
  "2604.09459": 9,
  "2604.09557": 8,
  "2604.10030": 11,
  "2604.10039": 1,
  "2604.10098": 55,
  "2604.10333": 6,
  "2604.10425": 2,
  "2604.10480": 14,
  "2604.10539": 0,
  "2604.10628": 2,
  "2604.10688": 5,
  "2604.10708": 1,
  "2604.10718": 2,
  "2604.10784": 5,
  "2604.10799": 4,
  "2604.10905": 17,
  "2604.10949": 36,
  "2604.11004": 1,
  "2604.11035": 14,
  "2604.11152": 0,
  "2604.11201": 28,
  "2604.11259": 9,
  "2604.11290": 1,
  "2604.11297": 80,
  "2604.11446": 3,
  "2604.11491": 1,
  "2604.11521": 5,
  "2604.11544": 1,
  "2604.11547": 4,
  "2604.11641": 29,
  "2604.11666": 3,
  "2604.11716": 3,
  "2604.11737": 2,
  "2604.11753": 10,
  "2604.11778": 6,
  "2604.11804": 55,
  "2604.11805": 13
}