{
  "2604.02340": 4,
  "2604.04385": 0,
  "2604.08121": 37,
  "2604.08570": 98,
  "2604.08921": 2,
  "2604.09132": 39,
  "2604.09212": 0,
  "2604.09459": 7,
  "2604.09557": 6,
  "2604.10030": 9,
  "2604.10039": 0,
  "2604.10098": 49,
  "2604.10333": 5,
  "2604.10425": 2,
  "2604.10480": 13,
  "2604.10628": 1,
  "2604.10688": 5,
  "2604.10718": 1,
  "2604.10784": 2,
  "2604.10799": 3,
  "2604.10905": 10,
  "2604.10949": 35,
  "2604.11035": 11,
  "2604.11152": 0,
  "2604.11201": 24,
  "2604.11259": 7,
  "2604.11290": 0,
  "2604.11297": 74,
  "2604.11446": 2,
  "2604.11491": 1,
  "2604.11521": 3,
  "2604.11547": 3,
  "2604.11641": 27,
  "2604.11666": 0,
  "2604.11716": 2,
  "2604.11737": 1,
  "2604.11778": 5,
  "2604.11804": 50,
  "2604.11805": 10
}