{
  "2604.02340": 4,
  "2604.08121": 37,
  "2604.08570": 45,
  "2604.08921": 2,
  "2604.09132": 37,
  "2604.09212": 0,
  "2604.09459": 5,
  "2604.09557": 6,
  "2604.10030": 8,
  "2604.10098": 47,
  "2604.10333": 4,
  "2604.10425": 1,
  "2604.10480": 12,
  "2604.10628": 1,
  "2604.10718": 1,
  "2604.10784": 2,
  "2604.10799": 2,
  "2604.10905": 6,
  "2604.10949": 34,
  "2604.11035": 10,
  "2604.11201": 23,
  "2604.11290": 0,
  "2604.11446": 2,
  "2604.11491": 1,
  "2604.11521": 3,
  "2604.11547": 3,
  "2604.11641": 26,
  "2604.11666": 0,
  "2604.11716": 2,
  "2604.11778": 4,
  "2604.11804": 44,
  "2604.11805": 9
}