{
  "2604.08921": 2,
  "2604.09132": 20,
  "2604.09212": 0,
  "2604.09459": 2,
  "2604.10098": 22,
  "2604.10480": 6,
  "2604.10718": 0,
  "2604.10784": 1,
  "2604.10905": 2,
  "2604.10949": 19,
  "2604.11035": 6,
  "2604.11201": 11,
  "2604.11446": 1,
  "2604.11491": 1,
  "2604.11521": 1,
  "2604.11547": 3,
  "2604.11641": 11,
  "2604.11778": 3,
  "2604.11784": 10,
  "2604.11804": 16,
  "2604.11805": 1
}