{
  "2506.14665": 2,
  "2602.10751": 1,
  "2604.13346": 49,
  "2604.15706": 6,
  "2604.16054": 0,
  "2604.16060": 0,
  "2604.16913": 0,
  "2604.17078": 9,
  "2604.17397": 7,
  "2604.17435": 0,
  "2604.17472": 5,
  "2604.17632": 8,
  "2604.17761": 2,
  "2604.17982": 1,
  "2604.18164": 3,
  "2604.18240": 11,
  "2604.18518": 3,
  "2604.18591": 0,
  "2604.18845": 8,
  "2604.19211": 1,
  "2604.19254": 18,
  "2604.19295": 24,
  "2604.19321": 4,
  "2604.19341": 1,
  "2604.19406": 3,
  "2604.19440": 2,
  "2604.19550": 3,
  "2604.19587": 4,
  "2604.19636": 58,
  "2604.19642": 1,
  "2604.19667": 13,
  "2604.19741": 6,
  "2604.19742": 19,
  "2604.19747": 33,
  "2604.19748": 77
}