{
  "2506.14665": 2,
  "2602.10751": 1,
  "2604.13346": 45,
  "2604.15706": 6,
  "2604.16054": 0,
  "2604.16060": 0,
  "2604.16913": 0,
  "2604.17078": 8,
  "2604.17397": 6,
  "2604.17435": 0,
  "2604.17472": 5,
  "2604.17632": 7,
  "2604.17761": 2,
  "2604.17982": 1,
  "2604.18164": 3,
  "2604.18240": 9,
  "2604.18518": 3,
  "2604.18591": 0,
  "2604.18845": 7,
  "2604.19211": 1,
  "2604.19254": 13,
  "2604.19295": 22,
  "2604.19341": 1,
  "2604.19406": 3,
  "2604.19440": 1,
  "2604.19550": 3,
  "2604.19587": 1,
  "2604.19636": 49,
  "2604.19667": 12,
  "2604.19742": 19,
  "2604.19747": 33,
  "2604.19748": 75
}