{
  "2604.21984": 0,
  "2604.23195": 2,
  "2604.23586": 1,
  "2604.23774": 14,
  "2604.24026": 15,
  "2604.27124": 4,
  "2604.27221": 31,
  "2604.27818": 2,
  "2605.00273": 6,
  "2605.00323": 2,
  "2605.00347": 11,
  "2605.00414": 5,
  "2605.00416": 10,
  "2605.00503": 4,
  "2605.00553": 13,
  "2605.00658": 74,
  "2605.00691": 2,
  "2605.00754": 2,
  "2605.00777": 1,
  "2605.00781": 21,
  "2605.00809": 16
}