{
  "2604.21984": 0,
  "2604.23195": 2,
  "2604.23586": 1,
  "2604.23774": 13,
  "2604.24026": 13,
  "2604.27124": 3,
  "2604.27221": 27,
  "2604.27818": 2,
  "2605.00273": 5,
  "2605.00323": 2,
  "2605.00347": 8,
  "2605.00414": 5,
  "2605.00416": 10,
  "2605.00503": 4,
  "2605.00553": 12,
  "2605.00658": 70,
  "2605.00691": 2,
  "2605.00754": 2,
  "2605.00777": 1,
  "2605.00781": 16,
  "2605.00809": 13
}