{
  "2604.23195": 1,
  "2604.24026": 2,
  "2605.00416": 6,
  "2605.00503": 0,
  "2605.00658": 41,
  "2605.00754": 0,
  "2605.00781": 0,
  "2605.00809": 0
}