{
  "2508.10180": 15,
  "2604.15574": 9,
  "2604.16391": 1,
  "2604.17565": 7,
  "2604.18756": 1,
  "2604.19548": 13,
  "2604.21106": 5,
  "2604.21480": 12,
  "2604.21681": 10,
  "2604.22446": 101,
  "2604.22782": 2,
  "2604.22841": 2,
  "2604.22842": 1,
  "2604.22875": 23,
  "2604.22880": 7,
  "2604.23099": 2,
  "2604.23210": 1,
  "2604.23446": 1,
  "2604.23600": 0,
  "2604.23604": 3,
  "2604.23644": 1,
  "2604.23772": 4,
  "2604.23775": 42,
  "2604.23781": 28,
  "2604.24003": 5,
  "2604.24040": 1,
  "2604.24170": 0,
  "2604.24198": 16,
  "2604.24300": 58,
  "2604.24479": 1,
  "2604.24583": 1,
  "2604.24597": 0,
  "2604.24762": 9,
  "2604.24763": 48,
  "2604.24764": 104
}