{
  "2508.10180": 6,
  "2604.16391": 1,
  "2604.17565": 6,
  "2604.19548": 8,
  "2604.21106": 4,
  "2604.21480": 11,
  "2604.22446": 75,
  "2604.22782": 1,
  "2604.22841": 2,
  "2604.22842": 1,
  "2604.22875": 17,
  "2604.22880": 5,
  "2604.23099": 1,
  "2604.23210": 1,
  "2604.23604": 2,
  "2604.23644": 1,
  "2604.23772": 3,
  "2604.23775": 40,
  "2604.23781": 23,
  "2604.24003": 4,
  "2604.24198": 14,
  "2604.24300": 53,
  "2604.24479": 0,
  "2604.24583": 1,
  "2604.24597": 0,
  "2604.24762": 6,
  "2604.24763": 35,
  "2604.24764": 91
}