{
  "2604.22782": 0,
  "2604.22875": 8,
  "2604.23099": 0,
  "2604.23775": 1,
  "2604.23781": 14,
  "2604.24003": 1,
  "2604.24198": 10,
  "2604.24300": 14,
  "2604.24479": 0,
  "2604.24762": 2,
  "2604.24763": 3,
  "2604.24764": 18
}