{
  "2604.16353": 1,
  "2604.18519": 21,
  "2604.18580": 1,
  "2604.20012": 1,
  "2604.20857": 1,
  "2604.21518": 26,
  "2604.21718": 3,
  "2604.22085": 1,
  "2604.22152": 2,
  "2604.22294": 7,
  "2604.22436": 8,
  "2604.22554": 32,
  "2604.22565": 0,
  "2604.22586": 10,
  "2604.22748": 143
}