{
  "2604.24658": 10,
  "2604.24902": 0,
  "2604.24952": 3,
  "2604.24953": 1,
  "2604.24954": 13,
  "2604.27039": 16,
  "2604.27083": 36,
  "2604.27085": 28,
  "2604.27151": 9,
  "2604.27251": 5,
  "2604.27351": 185,
  "2604.27419": 9,
  "2604.27505": 26,
  "2604.27578": 2,
  "2604.27711": 35,
  "2604.27766": 1,
  "2604.28130": 6,
  "2604.28139": 24,
  "2604.28157": 0,
  "2604.28158": 13,
  "2604.28169": 6,
  "2604.28181": 10,
  "2604.28185": 74,
  "2604.28190": 9
}