{
  "2604.24658": 14,
  "2604.24902": 0,
  "2604.24952": 3,
  "2604.24953": 1,
  "2604.24954": 17,
  "2604.27039": 20,
  "2604.27083": 51,
  "2604.27085": 35,
  "2604.27151": 14,
  "2604.27251": 5,
  "2604.27351": 196,
  "2604.27419": 11,
  "2604.27505": 30,
  "2604.27578": 3,
  "2604.27711": 39,
  "2604.27766": 2,
  "2604.28130": 16,
  "2604.28139": 33,
  "2604.28157": 0,
  "2604.28158": 40,
  "2604.28169": 11,
  "2604.28181": 15,
  "2604.28185": 83,
  "2604.28190": 21
}