{
  "2604.24658": 10,
  "2604.24902": 0,
  "2604.24952": 3,
  "2604.24953": 1,
  "2604.24954": 14,
  "2604.27039": 19,
  "2604.27083": 39,
  "2604.27085": 30,
  "2604.27151": 9,
  "2604.27251": 5,
  "2604.27351": 187,
  "2604.27419": 9,
  "2604.27505": 27,
  "2604.27578": 3,
  "2604.27711": 35,
  "2604.27766": 2,
  "2604.28130": 6,
  "2604.28139": 28,
  "2604.28157": 0,
  "2604.28158": 28,
  "2604.28169": 7,
  "2604.28181": 13,
  "2604.28185": 76,
  "2604.28190": 14
}