{
  "2604.22868": 0,
  "2604.23426": 0,
  "2604.24351": 6,
  "2604.24927": 50,
  "2604.24977": 2,
  "2604.25135": 2,
  "2604.25441": 1,
  "2604.25476": 1,
  "2604.26067": 46,
  "2604.26091": 1,
  "2604.26116": 0,
  "2604.26186": 1,
  "2604.26694": 3,
  "2604.26752": 71,
  "2604.26779": 3,
  "2604.26904": 36,
  "2604.26951": 35
}