{
  "2604.24658": 4,
  "2604.27039": 15,
  "2604.27083": 23,
  "2604.27085": 16,
  "2604.27251": 4,
  "2604.27351": 141,
  "2604.27419": 6,
  "2604.27505": 14,
  "2604.27578": 2,
  "2604.27711": 26,
  "2604.28130": 3,
  "2604.28139": 14,
  "2604.28158": 11,
  "2604.28169": 2,
  "2604.28181": 6,
  "2604.28185": 59,
  "2604.28190": 6
}