{
  "2604.22868": 0,
  "2604.24351": 5,
  "2604.24927": 44,
  "2604.24977": 2,
  "2604.26186": 1,
  "2604.26694": 2,
  "2604.26752": 70,
  "2604.26779": 3,
  "2604.26904": 33,
  "2604.26951": 35
}