{
  "2604.21481": 1,
  "2604.21523": 1,
  "2604.23380": 2,
  "2604.23941": 1,
  "2604.24005": 6,
  "2604.24441": 1,
  "2604.24625": 23,
  "2604.24819": 69,
  "2604.24842": 9,
  "2604.25032": 0,
  "2604.25164": 1,
  "2604.25203": 6,
  "2604.25256": 24,
  "2604.25427": 1,
  "2604.25636": 22,
  "2604.25719": 12,
  "2604.25727": 6,
  "2604.25806": 4,
  "2604.25819": 13,
  "2604.25914": 36,
  "2604.25917": 119
}