{
  "2604.24658": 5,
  "2604.24902": 0,
  "2604.24952": 1,
  "2604.24953": 1,
  "2604.27039": 15,
  "2604.27083": 34,
  "2604.27085": 23,
  "2604.27151": 1,
  "2604.27251": 5,
  "2604.27351": 175,
  "2604.27419": 8,
  "2604.27505": 15,
  "2604.27578": 2,
  "2604.27711": 31,
  "2604.27766": 1,
  "2604.28130": 3,
  "2604.28139": 17,
  "2604.28157": 0,
  "2604.28158": 11,
  "2604.28169": 3,
  "2604.28181": 6,
  "2604.28185": 70,
  "2604.28190": 6
}