{
  "2604.24658": 10,
  "2604.24902": 0,
  "2604.24952": 3,
  "2604.24953": 1,
  "2604.24954": 15,
  "2604.27039": 19,
  "2604.27083": 43,
  "2604.27085": 31,
  "2604.27151": 11,
  "2604.27251": 5,
  "2604.27351": 192,
  "2604.27419": 9,
  "2604.27505": 28,
  "2604.27578": 3,
  "2604.27711": 35,
  "2604.27766": 2,
  "2604.28130": 8,
  "2604.28139": 29,
  "2604.28157": 0,
  "2604.28158": 30,
  "2604.28169": 8,
  "2604.28181": 15,
  "2604.28185": 78,
  "2604.28190": 16
}