{
  "2405.13729": 7,
  "2604.09408": 1,
  "2604.25154": 1,
  "2604.27582": 1,
  "2604.27660": 120,
  "2604.28075": 13,
  "2605.00529": 3,
  "2605.00632": 1,
  "2605.00814": 12,
  "2605.00877": 10,
  "2605.00925": 0,
  "2605.00932": 2,
  "2605.01214": 1,
  "2605.01428": 9,
  "2605.01711": 1,
  "2605.01725": 1,
  "2605.02028": 2,
  "2605.02178": 4,
  "2605.02222": 2,
  "2605.02240": 6,
  "2605.02291": 0,
  "2605.02661": 8,
  "2605.02730": 2,
  "2605.02881": 160
}