{
  "2405.13729": 5,
  "2604.27660": 59,
  "2604.28075": 11,
  "2605.00529": 1,
  "2605.00814": 11,
  "2605.00877": 8,
  "2605.00932": 1,
  "2605.01725": 1,
  "2605.02178": 2,
  "2605.02222": 1,
  "2605.02240": 3,
  "2605.02661": 3,
  "2605.02730": 1,
  "2605.02881": 64
}