{
  "2604.23195": 1,
  "2604.23586": 1,
  "2604.23774": 11,
  "2604.24026": 9,
  "2604.27124": 1,
  "2604.27221": 25,
  "2605.00273": 4,
  "2605.00323": 1,
  "2605.00414": 3,
  "2605.00416": 9,
  "2605.00503": 2,
  "2605.00553": 9,
  "2605.00658": 66,
  "2605.00691": 1,
  "2605.00754": 1,
  "2605.00777": 1,
  "2605.00781": 11,
  "2605.00809": 9
}