{
  "2604.06505": 2,
  "2604.08537": 3,
  "2604.11102": 4,
  "2604.13313": 3,
  "2604.14258": 16,
  "2604.16038": 1,
  "2604.16593": 3,
  "2604.16642": 1,
  "2604.16826": 13,
  "2604.16893": 30,
  "2604.16902": 2,
  "2604.16943": 1,
  "2604.17308": 14,
  "2604.17338": 2,
  "2604.17388": 0,
  "2604.17406": 1,
  "2604.17454": 0,
  "2604.17696": 3,
  "2604.17698": 1,
  "2604.17886": 0,
  "2604.17972": 1,
  "2604.18131": 3,
  "2604.18168": 83,
  "2604.18203": 2,
  "2604.18224": 16,
  "2604.18292": 51,
  "2604.18394": 39,
  "2604.18486": 62,
  "2604.18543": 10,
  "2604.18564": 33,
  "2604.18574": 12,
  "2604.18584": 3
}