{
  "2511.10262": 1,
  "2602.15143": 0,
  "2604.03337": 0,
  "2604.06505": 2,
  "2604.08537": 4,
  "2604.11102": 5,
  "2604.13313": 7,
  "2604.14258": 18,
  "2604.15710": 6,
  "2604.16038": 1,
  "2604.16498": 1,
  "2604.16576": 0,
  "2604.16593": 3,
  "2604.16642": 1,
  "2604.16826": 14,
  "2604.16830": 5,
  "2604.16893": 32,
  "2604.16902": 2,
  "2604.16943": 1,
  "2604.17091": 6,
  "2604.17273": 0,
  "2604.17308": 15,
  "2604.17338": 2,
  "2604.17388": 0,
  "2604.17406": 1,
  "2604.17454": 0,
  "2604.17609": 5,
  "2604.17696": 4,
  "2604.17698": 1,
  "2604.17849": 5,
  "2604.17886": 0,
  "2604.17972": 1,
  "2604.18131": 4,
  "2604.18168": 85,
  "2604.18203": 3,
  "2604.18224": 17,
  "2604.18292": 59,
  "2604.18394": 49,
  "2604.18486": 65,
  "2604.18543": 17,
  "2604.18564": 35,
  "2604.18574": 18,
  "2604.18584": 7
}