{
  "2603.27490": 14,
  "2604.01848": 4,
  "2604.02315": 3,
  "2604.02372": 10,
  "2604.03480": 4,
  "2604.04415": 8,
  "2604.04987": 2,
  "2604.06870": 38,
  "2604.07413": 87,
  "2604.07786": 3,
  "2604.08118": 1,
  "2604.08540": 3,
  "2604.08567": 22,
  "2604.08571": 3,
  "2604.08626": 225,
  "2604.08641": 3,
  "2604.08644": 52,
  "2604.08801": 5,
  "2604.08995": 42,
  "2604.09130": 3,
  "2604.09168": 17,
  "2604.09181": 2,
  "2604.09201": 2,
  "2604.09237": 7,
  "2604.09450": 18,
  "2604.09482": 4,
  "2604.09527": 7,
  "2604.09531": 8,
  "2604.09544": 4
}