{
  "2603.27490": 13,
  "2604.01848": 4,
  "2604.02315": 2,
  "2604.02372": 10,
  "2604.03480": 3,
  "2604.04415": 7,
  "2604.04987": 2,
  "2604.06870": 36,
  "2604.07413": 85,
  "2604.07786": 2,
  "2604.08118": 1,
  "2604.08540": 2,
  "2604.08567": 19,
  "2604.08571": 2,
  "2604.08626": 221,
  "2604.08641": 2,
  "2604.08644": 47,
  "2604.08801": 4,
  "2604.08995": 39,
  "2604.09130": 2,
  "2604.09168": 15,
  "2604.09181": 1,
  "2604.09201": 1,
  "2604.09237": 6,
  "2604.09450": 17,
  "2604.09482": 3,
  "2604.09527": 6,
  "2604.09531": 7,
  "2604.09544": 4
}