{
  "2603.27490": 4,
  "2604.01848": 0,
  "2604.02372": 10,
  "2604.03480": 0,
  "2604.04415": 5,
  "2604.06870": 34,
  "2604.07413": 76,
  "2604.07786": 2,
  "2604.08118": 1,
  "2604.08540": 1,
  "2604.08567": 8,
  "2604.08626": 150,
  "2604.08641": 1,
  "2604.08644": 31,
  "2604.08801": 1,
  "2604.08995": 30,
  "2604.09130": 0,
  "2604.09168": 12,
  "2604.09201": 0,
  "2604.09237": 5,
  "2604.09450": 14,
  "2604.09482": 0,
  "2604.09527": 2,
  "2604.09531": 5,
  "2604.09544": 2
}