{
  "2502.07408": 45,
  "2511.15915": 2,
  "2604.04936": 24,
  "2604.05716": 7,
  "2604.09860": 2,
  "2604.10261": 3,
  "2604.10571": 2,
  "2604.12012": 5,
  "2604.13074": 42,
  "2604.13902": 2,
  "2604.14518": 19,
  "2604.14568": 6,
  "2604.14663": 2,
  "2604.14816": 1,
  "2604.15151": 9,
  "2604.15411": 2,
  "2604.15453": 15,
  "2604.15715": 3,
  "2604.15804": 40,
  "2604.15923": 2,
  "2604.15950": 1,
  "2604.16027": 11,
  "2604.16029": 21,
  "2604.16044": 69,
  "2604.16254": 1,
  "2604.16272": 0,
  "2604.16299": 10,
  "2604.16503": 18
}