{
  "2604.05072": 1,
  "2604.08865": 12,
  "2604.09443": 7,
  "2604.09746": 0,
  "2604.10465": 6,
  "2604.10966": 3,
  "2604.11579": 0,
  "2604.11689": 4,
  "2604.11784": 108,
  "2604.12119": 0,
  "2604.12322": 8,
  "2604.12374": 4,
  "2604.12626": 8,
  "2604.12627": 24,
  "2604.12887": 1,
  "2604.12890": 9,
  "2604.13010": 2,
  "2604.13016": 32,
  "2604.13018": 15,
  "2604.13030": 0,
  "2604.13036": 9
}