{
  "2604.05072": 1,
  "2604.08865": 23,
  "2604.09443": 8,
  "2604.09574": 24,
  "2604.09746": 0,
  "2604.10465": 7,
  "2604.10966": 3,
  "2604.11211": 1,
  "2604.11579": 0,
  "2604.11689": 5,
  "2604.11784": 113,
  "2604.11840": 1,
  "2604.12119": 0,
  "2604.12152": 1,
  "2604.12322": 11,
  "2604.12373": 1,
  "2604.12374": 7,
  "2604.12626": 11,
  "2604.12627": 59,
  "2604.12887": 1,
  "2604.12890": 14,
  "2604.12989": 2,
  "2604.13010": 3,
  "2604.13016": 49,
  "2604.13018": 17,
  "2604.13023": 0,
  "2604.13030": 4,
  "2604.13036": 13
}