{
  "2604.08865": 10,
  "2604.10465": 6,
  "2604.10966": 1,
  "2604.11579": 0,
  "2604.11689": 3,
  "2604.11784": 107,
  "2604.12322": 7,
  "2604.12374": 4,
  "2604.12626": 5,
  "2604.12627": 7,
  "2604.12887": 0,
  "2604.12890": 8,
  "2604.13010": 1,
  "2604.13016": 18,
  "2604.13018": 14,
  "2604.13030": 0,
  "2604.13036": 5
}