{
  "2604.05072": 3,
  "2604.05278": 1,
  "2604.08865": 26,
  "2604.09443": 13,
  "2604.09497": 22,
  "2604.09574": 27,
  "2604.09594": 1,
  "2604.09687": 7,
  "2604.09746": 0,
  "2604.10465": 10,
  "2604.10577": 19,
  "2604.10812": 1,
  "2604.10966": 7,
  "2604.11177": 5,
  "2604.11211": 1,
  "2604.11579": 1,
  "2604.11689": 9,
  "2604.11784": 124,
  "2604.11840": 1,
  "2604.12119": 1,
  "2604.12152": 1,
  "2604.12322": 12,
  "2604.12373": 4,
  "2604.12374": 22,
  "2604.12626": 12,
  "2604.12627": 86,
  "2604.12710": 3,
  "2604.12887": 3,
  "2604.12890": 15,
  "2604.12946": 2,
  "2604.12978": 4,
  "2604.12989": 4,
  "2604.13010": 5,
  "2604.13015": 2,
  "2604.13016": 64,
  "2604.13018": 26,
  "2604.13023": 0,
  "2604.13030": 7,
  "2604.13036": 22,
  "2604.14025": 10
}