{
  "2604.16353": 1,
  "2604.18519": 21,
  "2604.18580": 7,
  "2604.20012": 3,
  "2604.20857": 1,
  "2604.21518": 27,
  "2604.21718": 12,
  "2604.22085": 9,
  "2604.22119": 0,
  "2604.22152": 2,
  "2604.22294": 14,
  "2604.22436": 10,
  "2604.22554": 53,
  "2604.22565": 3,
  "2604.22586": 14,
  "2604.22748": 201
}