{
  "2604.16353": 1,
  "2604.18519": 21,
  "2604.18580": 4,
  "2604.20012": 2,
  "2604.20857": 1,
  "2604.21518": 26,
  "2604.21718": 9,
  "2604.22085": 6,
  "2604.22119": 0,
  "2604.22152": 2,
  "2604.22294": 10,
  "2604.22436": 9,
  "2604.22554": 42,
  "2604.22565": 2,
  "2604.22586": 11,
  "2604.22748": 158
}